qid,docno,label
1,doc_13436,5
1,doc_8921,1
1,doc_8934,4
1,doc_8970,1
1,doc_8849,4
1,doc_13275,1
1,doc_8909,4
1,doc_8922,2
1,doc_8060,1
1,doc_13424,2
1,doc_8923,1
1,doc_8946,2
1,doc_13430,1
1,doc_8904,2
1,doc_8847,1
1,doc_13397,1
1,doc_7988,1
1,doc_8870,2
1,doc_8125,1
1,doc_13389,1
1,doc_7895,1
1,doc_8052,1
1,doc_7943,1
1,doc_8851,1
1,doc_7886,1
1,doc_8884,1
1,doc_8938,1
1,doc_8964,1
1,doc_8071,1
1,doc_8881,1
1,doc_5239,1
1,doc_8898,4
1,doc_8049,1
1,doc_8925,1
1,doc_8875,1
1,doc_8867,1
1,doc_8959,1
1,doc_8939,1
1,doc_7921,1
1,doc_13325,1
1,doc_7938,1
1,doc_8017,1
1,doc_8044,1
1,doc_8879,1
1,doc_13398,1
1,doc_7917,1
1,doc_8882,1
1,doc_7899,1
1,doc_7951,1
1,doc_7979,1
1,doc_8944,1
1,doc_13273,1
1,doc_13260,2
1,doc_7957,1
2,doc_3092,5
2,doc_3093,5
2,doc_3094,5
2,doc_3095,5
2,doc_1806,5
2,doc_1917,5
2,doc_3706,5
2,doc_1354,5
2,doc_3616,5
2,doc_3566,5
2,doc_3106,5
2,doc_2812,5
2,doc_3484,5
2,doc_3193,5
2,doc_3514,5
2,doc_1897,5
2,doc_3783,5
2,doc_3107,5
2,doc_3102,5
2,doc_2880,5
2,doc_1582,5
2,doc_3055,5
2,doc_1172,5
2,doc_9509,2
2,doc_1318,5
2,doc_3937,5
2,doc_1820,5
2,doc_1662,5
2,doc_3433,5
2,doc_1750,5
2,doc_1611,5
2,doc_3651,3
2,doc_3782,4
2,doc_3660,4
2,doc_10015,1
2,doc_3710,4
2,doc_2988,5
2,doc_3126,5
2,doc_2085,5
2,doc_3631,5
2,doc_1431,3
2,doc_12500,1
2,doc_3654,5
2,doc_2546,5
2,doc_3915,5
2,doc_3813,5
2,doc_1527,5
2,doc_2377,2
2,doc_11109,1
2,doc_3220,5
2,doc_3809,4
2,doc_3617,2
2,doc_1610,5
2,doc_3810,5
2,doc_5601,1
2,doc_1363,4
2,doc_12814,2
2,doc_9631,2
2,doc_6586,1
2,doc_8374,1
2,doc_6585,2
2,doc_3798,4
2,doc_3100,5
2,doc_11754,2
2,doc_9470,2
2,doc_7546,2
2,doc_7547,1
2,doc_6633,2
2,doc_11082,2
2,doc_7548,2
2,doc_7549,2
2,doc_7705,2
2,doc_7818,2
2,doc_11080,2
2,doc_11166,2
2,doc_2291,1
2,doc_6737,1
2,doc_8470,2
2,doc_6729,1
2,doc_3167,5
2,doc_955,2
3,doc_3050,4
3,doc_7901,5
3,doc_7772,5
3,doc_2771,5
3,doc_3791,1
3,doc_6395,5
3,doc_12024,3
3,doc_623,2
3,doc_915,5
3,doc_10121,5
3,doc_13532,5
3,doc_3129,3
3,doc_3871,5
3,doc_8136,5
3,doc_7140,4
3,doc_2197,2
3,doc_561,5
3,doc_7298,5
3,doc_1518,3
3,doc_12638,5
3,doc_9114,5
3,doc_9750,5
3,doc_3487,5
3,doc_8211,3
3,doc_7166,2
3,doc_4810,1
3,doc_1281,4
3,doc_874,5
3,doc_5729,5
3,doc_7975,3
3,doc_6155,3
3,doc_1781,5
3,doc_5286,2
3,doc_5560,1
3,doc_11646,5
3,doc_10894,2
3,doc_2546,3
3,doc_4575,5
3,doc_13382,3
3,doc_4480,3
3,doc_8618,2
3,doc_12577,5
3,doc_2825,1
3,doc_12461,5
3,doc_3886,1
3,doc_5887,1
3,doc_8450,1
3,doc_9407,2
3,doc_1625,5
3,doc_4878,1
3,doc_6689,5
3,doc_13176,5
3,doc_1441,2
3,doc_6248,5
3,doc_5411,3
3,doc_881,5
3,doc_1018,2
3,doc_1121,5
3,doc_7770,5
3,doc_4305,3
3,doc_8028,4
3,doc_12486,2
3,doc_13374,5
3,doc_10236,5
3,doc_11446,5
3,doc_3148,4
3,doc_4957,2
4,doc_10169,3
4,doc_2916,4
4,doc_8523,5
4,doc_6044,5
4,doc_10939,5
4,doc_9961,5
4,doc_4676,4
4,doc_750,1
4,doc_2056,2
4,doc_4646,4
4,doc_10485,5
4,doc_13115,5
4,doc_2847,5
4,doc_10857,5
4,doc_101,5
4,doc_8155,5
4,doc_5624,3
4,doc_3445,5
4,doc_4480,5
4,doc_10953,5
4,doc_2144,5
4,doc_8830,5
4,doc_10566,5
4,doc_7620,5
4,doc_12124,5
4,doc_9376,5
4,doc_11978,5
4,doc_4199,5
4,doc_5065,5
4,doc_579,5
4,doc_4924,5
4,doc_2955,5
4,doc_12097,5
4,doc_4998,5
4,doc_2191,4
4,doc_9420,5
4,doc_5222,5
4,doc_1515,2
4,doc_8629,5
4,doc_7679,5
4,doc_12060,5
4,doc_1428,5
4,doc_9633,5
4,doc_11748,5
4,doc_12265,5
4,doc_838,5
4,doc_10807,5
4,doc_3352,2
4,doc_12155,5
4,doc_3507,5
4,doc_5633,5
4,doc_12703,5
4,doc_8309,5
4,doc_11610,5
4,doc_6700,5
4,doc_352,5
4,doc_8282,5
4,doc_9634,5
4,doc_353,5
4,doc_801,5
4,doc_3450,5
4,doc_7044,5
4,doc_1768,5
4,doc_9169,5
4,doc_10965,5
5,doc_13294,1
5,doc_5652,5
5,doc_11839,1
5,doc_9344,2
5,doc_10239,5
5,doc_5789,5
5,doc_2844,5
5,doc_13332,4
5,doc_4466,5
5,doc_5382,5
5,doc_8710,1
5,doc_1381,2
5,doc_5577,2
5,doc_190,5
5,doc_6340,5
5,doc_9291,3
5,doc_6354,2
5,doc_13393,5
5,doc_13254,1
5,doc_12310,5
5,doc_10105,4
5,doc_13433,5
5,doc_5634,5
5,doc_4480,3
5,doc_4405,5
5,doc_6289,5
5,doc_2418,5
5,doc_12743,5
5,doc_4380,3
5,doc_1970,5
5,doc_10421,4
5,doc_6616,5
5,doc_8768,4
5,doc_11864,4
5,doc_5442,5
5,doc_9786,5
5,doc_13378,5
5,doc_1032,5
5,doc_629,5
5,doc_11625,5
5,doc_5700,1
5,doc_7833,2
5,doc_11097,5
5,doc_7832,5
5,doc_9049,5
5,doc_4395,5
5,doc_9139,3
5,doc_3308,2
5,doc_8988,4
5,doc_6575,5
5,doc_10890,5
5,doc_8841,5
5,doc_6576,5
5,doc_9771,5
5,doc_13465,5
5,doc_4257,5
5,doc_6240,5
5,doc_11870,5
5,doc_8716,5
5,doc_6155,5
5,doc_12950,5
5,doc_1771,5
6,doc_3352,2
6,doc_3269,5
6,doc_5260,1
6,doc_3821,5
6,doc_3313,1
6,doc_1915,1
6,doc_1515,1
6,doc_4199,1
6,doc_3450,1
6,doc_4596,1
6,doc_1955,1
6,doc_3729,4
6,doc_9559,1
6,doc_5633,1
6,doc_10807,1
6,doc_2955,1
6,doc_5342,1
6,doc_3107,4
6,doc_6666,1
6,doc_11821,1
6,doc_10135,1
6,doc_2303,5
6,doc_6083,1
6,doc_10485,1
6,doc_5359,1
6,doc_8629,1
6,doc_5560,1
6,doc_1719,1
6,doc_3767,5
6,doc_1196,5
6,doc_3719,4
6,doc_1431,4
6,doc_6721,1
6,doc_10944,1
6,doc_3964,4
6,doc_12049,1
6,doc_10169,1
6,doc_6599,1
6,doc_1181,5
6,doc_1182,5
6,doc_387,1
6,doc_11019,1
6,doc_12284,1
6,doc_6044,1
6,doc_493,1
6,doc_8685,1
6,doc_9169,1
6,doc_1646,5
6,doc_8523,1
6,doc_1509,1
6,doc_9611,3
6,doc_2650,2
6,doc_2342,1
6,doc_8955,2
6,doc_9652,2
6,doc_4823,2
6,doc_2916,2
6,doc_9295,1
7,doc_6740,5
7,doc_5495,5
7,doc_11286,5
7,doc_5468,4
7,doc_5406,2
7,doc_6676,3
7,doc_775,5
7,doc_1863,5
7,doc_2476,2
7,doc_4609,4
7,doc_10314,1
7,doc_6621,2
7,doc_8924,1
7,doc_1143,5
7,doc_1749,2
7,doc_3508,5
7,doc_3703,5
7,doc_1521,5
7,doc_5063,5
7,doc_5365,1
7,doc_13363,1
7,doc_10155,5
7,doc_514,1
7,doc_6776,1
7,doc_1721,4
7,doc_6675,5
7,doc_629,5
7,doc_1275,5
7,doc_12976,1
7,doc_3513,5
7,doc_1630,5
7,doc_249,5
7,doc_2850,5
7,doc_5513,5
7,doc_4891,5
7,doc_12017,2
7,doc_3333,5
7,doc_1967,2
7,doc_507,5
7,doc_392,5
7,doc_13115,2
7,doc_7590,5
7,doc_444,5
7,doc_1966,2
7,doc_1093,5
7,doc_3933,5
7,doc_1094,3
7,doc_1259,2
7,doc_11203,2
7,doc_11204,2
7,doc_13536,5
7,doc_5876,5
7,doc_5915,5
7,doc_10530,3
7,doc_470,1
7,doc_13364,2
7,doc_6565,5
7,doc_5026,4
7,doc_12291,3
8,doc_5860,1
8,doc_5807,1
8,doc_5266,5
8,doc_5161,1
8,doc_5787,1
8,doc_5081,5
8,doc_5142,1
8,doc_5802,1
8,doc_5414,1
8,doc_5683,1
8,doc_6557,1
8,doc_5560,1
8,doc_6230,4
8,doc_5759,1
8,doc_4505,1
8,doc_7359,1
8,doc_5574,1
8,doc_5468,1
8,doc_6492,1
8,doc_5151,4
8,doc_5040,1
8,doc_5550,5
8,doc_5109,1
8,doc_5923,1
8,doc_6058,1
8,doc_6450,1
8,doc_5958,5
8,doc_6202,5
8,doc_6125,1
8,doc_7759,1
8,doc_5615,1
8,doc_6569,1
8,doc_5028,5
8,doc_6608,1
8,doc_13471,1
8,doc_9197,1
8,doc_5159,1
8,doc_6536,1
8,doc_6249,1
8,doc_6224,3
8,doc_11257,1
8,doc_6493,1
8,doc_5701,4
8,doc_6296,5
8,doc_5471,5
8,doc_6054,1
8,doc_5812,1
8,doc_5633,1
8,doc_523,1
8,doc_5130,1
8,doc_5682,1
8,doc_5170,1
8,doc_5249,1
8,doc_5914,2
8,doc_11710,1
8,doc_5039,1
8,doc_5483,1
8,doc_5169,1
8,doc_1169,1
8,doc_5581,1
8,doc_6643,1
8,doc_5729,1
8,doc_5864,1
8,doc_6348,1
8,doc_5867,1
8,doc_5868,1
8,doc_5869,1
8,doc_5870,1
8,doc_6455,1
8,doc_12501,5
8,doc_5760,1
8,doc_685,5
8,doc_686,5
8,doc_6668,1
8,doc_6386,1
8,doc_5403,1
8,doc_5795,1
8,doc_5303,1
8,doc_1088,1
8,doc_6201,1
8,doc_683,5
9,doc_10222,2
9,doc_10649,1
9,doc_10334,1
9,doc_10483,1
9,doc_10345,1
9,doc_10351,1
9,doc_10261,1
9,doc_10174,1
9,doc_10210,1
9,doc_11582,1
9,doc_10419,1
9,doc_10714,1
9,doc_10323,1
9,doc_10741,1
9,doc_10570,1
9,doc_10514,1
9,doc_10263,1
9,doc_10307,1
9,doc_10199,1
9,doc_10200,1
9,doc_10485,4
9,doc_10359,1
9,doc_10341,1
9,doc_9587,1
9,doc_10175,1
9,doc_9808,1
9,doc_10216,4
9,doc_10634,1
9,doc_10177,1
9,doc_10641,1
9,doc_10646,1
9,doc_10103,1
9,doc_10195,1
9,doc_10115,1
9,doc_10301,1
9,doc_10543,1
9,doc_10358,1
9,doc_2879,2
9,doc_10713,5
9,doc_10124,1
9,doc_10091,1
9,doc_10120,1
9,doc_9483,1
9,doc_10720,1
9,doc_10278,1
9,doc_10279,1
9,doc_10265,1
9,doc_10490,1
9,doc_10636,1
9,doc_10618,1
9,doc_10538,3
9,doc_10423,5
9,doc_10207,5
9,doc_10246,2
9,doc_10255,2
9,doc_10486,5
9,doc_10254,3
9,doc_10370,4
9,doc_10371,4
9,doc_10658,2
9,doc_10440,2
9,doc_10736,2
9,doc_10495,1
9,doc_10496,1
9,doc_10422,5
9,doc_10363,4
9,doc_10664,2
9,doc_10287,5
9,doc_10369,1
9,doc_10614,5
9,doc_10224,2
9,doc_10521,3
9,doc_10652,2
9,doc_10653,2
9,doc_9888,1
9,doc_10475,4
9,doc_10594,2
9,doc_10121,4
9,doc_10426,2
9,doc_10093,3
9,doc_10666,1
10,doc_2496,2
10,doc_5581,5
10,doc_422,5
10,doc_6125,5
10,doc_7773,2
10,doc_7000,5
10,doc_6771,5
10,doc_2187,5
10,doc_6368,2
10,doc_4673,5
10,doc_2820,4
10,doc_11416,5
10,doc_1845,5
10,doc_13260,5
10,doc_6375,1
10,doc_11448,2
10,doc_2480,5
10,doc_4404,4
10,doc_2498,4
10,doc_5992,2
10,doc_1659,1
10,doc_3241,1
10,doc_12281,3
10,doc_5634,1
10,doc_10612,4
10,doc_10590,1
10,doc_2732,5
10,doc_3485,5
10,doc_3336,5
10,doc_9080,1
10,doc_4135,3
10,doc_1658,4
10,doc_8659,4
10,doc_6574,5
10,doc_6946,5
10,doc_13380,1
10,doc_1118,5
10,doc_12149,4
10,doc_6165,1
10,doc_355,5
10,doc_741,5
10,doc_4466,5
10,doc_6106,5
10,doc_4081,1
10,doc_8646,5
10,doc_12600,5
10,doc_13362,1
10,doc_2773,5
10,doc_4339,1
10,doc_11707,1
10,doc_11415,5
10,doc_740,5
10,doc_1054,5
10,doc_4376,5
10,doc_13455,4
10,doc_13039,5
10,doc_12310,5
10,doc_11482,5
10,doc_4484,5
10,doc_11157,5
10,doc_1992,5
10,doc_4490,4
10,doc_6573,5
10,doc_12525,4
10,doc_371,5
10,doc_644,5
10,doc_12384,5
10,doc_3074,5
10,doc_5512,5
10,doc_4411,3
10,doc_4231,5
10,doc_3701,5
10,doc_12553,5
10,doc_13100,3
10,doc_442,5
10,doc_250,5
10,doc_2117,5
11,doc_12828,1
11,doc_6742,5
11,doc_8608,1
11,doc_8362,1
11,doc_6861,1
11,doc_5295,3
11,doc_10323,1
11,doc_7308,1
11,doc_2065,1
11,doc_961,1
11,doc_5176,3
11,doc_3637,1
11,doc_11120,5
11,doc_9603,1
11,doc_12851,1
11,doc_5009,1
11,doc_11420,1
11,doc_9350,1
11,doc_12787,1
11,doc_5377,1
11,doc_12970,1
11,doc_11369,5
11,doc_10514,1
11,doc_2724,1
11,doc_9572,1
11,doc_13179,1
11,doc_4666,1
11,doc_9301,1
11,doc_4159,1
11,doc_3966,1
11,doc_10478,1
11,doc_12911,1
11,doc_7390,1
11,doc_9355,1
11,doc_9430,1
11,doc_2263,1
11,doc_6003,1
11,doc_5758,1
11,doc_12786,1
11,doc_12209,1
11,doc_9713,1
11,doc_12843,1
11,doc_2515,1
11,doc_13169,1
11,doc_621,1
11,doc_5007,1
11,doc_5148,1
11,doc_8514,1
11,doc_12796,1
11,doc_230,1
11,doc_12907,1
11,doc_12872,1
11,doc_4993,1
11,doc_3394,1
11,doc_2176,1
11,doc_7068,1
11,doc_13105,1
11,doc_4985,1
11,doc_8741,1
11,doc_7808,1
11,doc_333,1
11,doc_3976,1
11,doc_7597,1
11,doc_5014,1
11,doc_7946,1
11,doc_11657,1
11,doc_3311,1
11,doc_9078,1
11,doc_7977,1
11,doc_4697,1
11,doc_9565,1
11,doc_8815,1
11,doc_12824,1
11,doc_2872,1
11,doc_12830,1
11,doc_9401,1
11,doc_3768,1
11,doc_3494,1
11,doc_2262,1
11,doc_5004,1
11,doc_10195,1
11,doc_9024,1
12,doc_5503,1
12,doc_3072,4
12,doc_3375,3
12,doc_3533,2
12,doc_6079,3
12,doc_11808,1
12,doc_838,5
12,doc_4190,5
12,doc_9462,2
12,doc_485,4
12,doc_5964,5
12,doc_4669,5
12,doc_7372,3
12,doc_7694,4
12,doc_1561,3
12,doc_1427,3
12,doc_1157,4
12,doc_1781,3
12,doc_6056,4
12,doc_8100,5
12,doc_5717,5
12,doc_5497,4
12,doc_1428,3
12,doc_5715,5
12,doc_2723,3
12,doc_11697,4
12,doc_6043,4
12,doc_12200,3
12,doc_6170,4
12,doc_5067,3
12,doc_5333,4
12,doc_11628,3
12,doc_12359,3
12,doc_5633,5
12,doc_5671,4
12,doc_5781,5
12,doc_3791,5
12,doc_5697,4
12,doc_6323,5
12,doc_6807,4
12,doc_9356,4
12,doc_8282,4
12,doc_1596,4
12,doc_11712,4
12,doc_11722,5
12,doc_10412,3
12,doc_4251,3
12,doc_5922,4
12,doc_11449,4
12,doc_9798,2
12,doc_5857,5
12,doc_1325,4
12,doc_2529,5
12,doc_6279,5
12,doc_7627,5
12,doc_8050,3
12,doc_1488,5
12,doc_4140,4
12,doc_8210,5
12,doc_10359,3
12,doc_7691,3
12,doc_6780,4
12,doc_4796,4
12,doc_3652,5
12,doc_5226,3
12,doc_1730,5
12,doc_10404,5
12,doc_5077,3
12,doc_13003,1
12,doc_13434,4
12,doc_10494,2
12,doc_3190,4
12,doc_10077,1
12,doc_5345,5
12,doc_11671,4
12,doc_11672,4
12,doc_11613,3
12,doc_10351,2
12,doc_8453,5
12,doc_8459,5
12,doc_11669,2
12,doc_11670,2
12,doc_5612,3
12,doc_7127,2
12,doc_1970,4
12,doc_12356,3
12,doc_7067,5
12,doc_9728,3
12,doc_85,3
12,doc_11675,5
12,doc_1350,5
12,doc_4171,5
12,doc_12090,5
12,doc_1192,3
12,doc_12422,5
12,doc_4783,4
12,doc_4784,4
12,doc_570,3
12,doc_6272,5
12,doc_6517,5
12,doc_4771,5
12,doc_12140,5
12,doc_12853,5
12,doc_5028,5
12,doc_2259,3
12,doc_5814,5
12,doc_11568,4
12,doc_11209,4
13,doc_4682,1
13,doc_4624,2
13,doc_6751,3
13,doc_9864,1
13,doc_2577,4
13,doc_391,2
13,doc_6834,1
13,doc_3316,2
13,doc_8210,4
13,doc_6632,1
13,doc_8580,1
13,doc_10309,2
13,doc_12975,1
13,doc_11129,1
13,doc_11130,1
13,doc_6471,3
13,doc_8179,1
13,doc_6101,1
13,doc_11421,5
13,doc_6699,5
13,doc_2660,1
13,doc_6529,1
13,doc_1981,1
13,doc_13323,3
13,doc_10081,1
13,doc_1228,1
13,doc_1481,1
13,doc_8971,1
13,doc_6793,1
13,doc_11541,3
13,doc_91,5
13,doc_872,4
13,doc_7254,5
13,doc_7988,2
13,doc_11836,2
13,doc_975,2
13,doc_9087,1
13,doc_1018,2
13,doc_1487,2
13,doc_1491,2
13,doc_10210,1
13,doc_5546,2
13,doc_1096,1
13,doc_2478,1
13,doc_3025,1
13,doc_11655,1
13,doc_90,5
13,doc_1995,1
13,doc_4788,1
13,doc_3455,2
13,doc_4926,2
13,doc_8104,2
13,doc_2710,1
13,doc_9909,3
13,doc_8562,4
13,doc_5707,2
14,doc_9152,5
14,doc_6957,5
14,doc_4921,5
14,doc_11443,5
14,doc_8483,5
14,doc_1810,5
14,doc_12015,5
14,doc_11939,5
14,doc_4931,5
14,doc_9204,5
14,doc_11538,5
14,doc_12945,5
14,doc_6722,5
14,doc_6831,4
14,doc_6048,4
14,doc_11512,5
14,doc_7039,5
14,doc_9203,5
14,doc_13342,5
14,doc_6992,5
14,doc_7012,5
14,doc_8618,5
14,doc_11982,5
14,doc_6694,5
14,doc_1144,5
14,doc_12771,3
14,doc_7165,5
14,doc_8566,4
14,doc_42,5
14,doc_6927,5
14,doc_12899,3
14,doc_6926,5
14,doc_12891,5
14,doc_6976,5
14,doc_6908,5
14,doc_87,5
14,doc_11938,5
14,doc_6940,5
14,doc_11899,5
14,doc_8596,5
14,doc_4940,5
14,doc_12811,5
14,doc_12869,5
14,doc_12859,5
14,doc_2405,3
14,doc_6646,4
14,doc_8219,5
14,doc_10467,3
14,doc_11529,3
14,doc_3113,1
14,doc_11541,4
14,doc_10691,5
14,doc_6963,5
14,doc_6836,3
14,doc_6809,5
14,doc_4825,5
15,doc_8884,4
15,doc_8923,1
15,doc_8870,1
15,doc_5259,1
15,doc_13275,1
15,doc_8861,1
15,doc_8871,1
15,doc_8002,1
15,doc_4809,1
15,doc_8961,1
15,doc_8964,1
15,doc_8946,1
15,doc_8904,4
15,doc_8867,1
15,doc_8858,1
15,doc_7938,1
15,doc_8938,1
15,doc_8012,1
15,doc_13389,1
15,doc_8862,1
15,doc_13424,1
15,doc_13382,1
15,doc_8071,1
15,doc_8972,1
15,doc_8060,1
15,doc_8898,1
15,doc_8857,1
15,doc_7988,1
15,doc_7983,1
15,doc_7899,1
15,doc_8125,1
15,doc_8922,1
15,doc_8057,1
15,doc_8847,1
15,doc_5239,1
15,doc_8869,1
15,doc_8875,1
15,doc_13245,1
15,doc_8851,1
15,doc_8970,4
15,doc_8925,1
15,doc_8929,1
15,doc_7917,1
15,doc_8952,1
15,doc_8044,1
15,doc_8935,1
15,doc_8921,1
15,doc_8924,1
15,doc_6211,1
15,doc_6140,1
15,doc_8940,4
15,doc_8934,5
15,doc_8883,1
15,doc_8881,1
15,doc_8849,5
16,doc_2684,5
16,doc_1950,5
16,doc_3521,2
16,doc_1641,1
16,doc_1383,2
16,doc_3202,2
16,doc_2986,5
16,doc_2283,2
16,doc_1691,2
16,doc_1951,5
16,doc_2176,3
16,doc_3882,3
16,doc_3666,2
16,doc_1400,1
16,doc_1993,2
16,doc_3170,2
16,doc_3374,1
16,doc_2795,2
16,doc_2368,1
16,doc_3755,2
16,doc_2936,5
16,doc_2178,2
16,doc_1680,2
16,doc_2161,1
16,doc_3611,1
16,doc_2801,1
16,doc_3634,1
16,doc_2153,2
16,doc_2300,5
16,doc_3386,1
16,doc_1937,4
16,doc_2938,1
16,doc_1948,5
16,doc_1384,2
16,doc_13127,5
16,doc_2599,1
16,doc_3379,1
16,doc_3132,5
16,doc_1949,5
16,doc_1631,1
16,doc_1266,3
16,doc_3139,1
16,doc_3771,5
16,doc_2673,1
16,doc_3871,1
16,doc_3247,1
16,doc_2568,2
16,doc_1872,5
16,doc_1790,1
16,doc_1906,2
16,doc_2046,3
16,doc_2162,2
16,doc_3131,5
16,doc_2855,2
16,doc_2047,3
17,doc_3925,5
17,doc_3038,5
17,doc_3695,5
17,doc_2078,2
17,doc_1973,5
17,doc_1634,5
17,doc_2203,5
17,doc_2926,5
17,doc_1553,5
17,doc_3880,4
17,doc_3731,5
17,doc_2648,1
17,doc_3132,4
17,doc_2162,2
17,doc_1641,3
17,doc_1864,1
17,doc_2300,4
17,doc_3231,2
17,doc_3745,2
17,doc_1741,4
17,doc_2657,3
17,doc_1935,5
17,doc_1655,5
17,doc_2212,2
17,doc_1906,5
17,doc_1461,2
17,doc_1508,1
17,doc_2326,4
17,doc_2764,5
17,doc_1974,3
17,doc_1176,2
17,doc_2906,1
17,doc_1790,1
17,doc_3954,4
17,doc_2355,1
17,doc_1599,5
17,doc_1600,5
17,doc_3109,2
17,doc_3579,2
17,doc_3311,5
17,doc_3620,5
17,doc_1206,5
17,doc_2325,1
17,doc_3306,2
17,doc_2649,5
17,doc_3460,2
17,doc_3776,5
17,doc_3823,4
17,doc_2266,4
17,doc_2431,2
17,doc_3139,5
17,doc_3394,5
17,doc_3376,2
17,doc_3037,2
18,doc_4371,5
18,doc_3827,2
18,doc_9590,2
18,doc_3978,2
18,doc_5795,5
18,doc_11692,3
18,doc_5625,5
18,doc_2714,1
18,doc_577,5
18,doc_7194,1
18,doc_5858,1
18,doc_7192,1
18,doc_5755,4
18,doc_914,5
18,doc_1957,1
18,doc_9479,2
18,doc_9855,1
18,doc_2023,2
18,doc_10478,3
18,doc_2722,2
18,doc_11260,1
18,doc_8063,1
18,doc_10340,1
18,doc_11251,3
18,doc_2724,2
18,doc_15,5
18,doc_2337,4
18,doc_8931,1
18,doc_11345,2
18,doc_12065,4
18,doc_10503,1
18,doc_3862,2
18,doc_8745,1
18,doc_10020,5
18,doc_5527,1
18,doc_9275,1
18,doc_3013,1
18,doc_4642,1
18,doc_2370,1
18,doc_2095,4
18,doc_6351,3
18,doc_5108,5
18,doc_8698,1
18,doc_11325,2
18,doc_5529,5
18,doc_1349,1
18,doc_13439,1
18,doc_3438,1
18,doc_9907,4
18,doc_1678,4
18,doc_3569,5
18,doc_5050,5
18,doc_5882,3
18,doc_12412,4
18,doc_5775,5
18,doc_9089,5
18,doc_11418,3
18,doc_4835,5
18,doc_12267,2
19,doc_318,5
19,doc_4942,2
19,doc_12922,4
19,doc_941,1
19,doc_150,5
19,doc_10250,5
19,doc_10822,1
19,doc_12180,2
19,doc_409,5
19,doc_13522,5
19,doc_940,1
19,doc_7372,5
19,doc_316,5
19,doc_11272,1
19,doc_6481,1
19,doc_10927,1
19,doc_8971,1
19,doc_7825,5
19,doc_11441,1
19,doc_6742,4
19,doc_3778,1
19,doc_1095,1
19,doc_949,3
19,doc_12757,1
19,doc_5520,1
19,doc_9397,3
19,doc_13437,1
19,doc_4453,1
19,doc_7278,1
19,doc_4794,1
19,doc_11822,1
19,doc_4884,1
19,doc_4717,1
19,doc_6996,5
19,doc_6069,1
19,doc_6194,1
19,doc_4856,1
19,doc_781,5
19,doc_815,5
19,doc_12309,1
19,doc_8253,1
19,doc_3145,1
19,doc_545,3
19,doc_200,5
19,doc_12471,1
19,doc_9952,5
19,doc_701,5
19,doc_6956,1
19,doc_7029,1
19,doc_8416,1
19,doc_6196,1
19,doc_9204,5
19,doc_10756,2
19,doc_3066,1
20,doc_3262,4
20,doc_7515,4
20,doc_7780,5
20,doc_7781,5
20,doc_7570,2
20,doc_1443,5
20,doc_7774,5
20,doc_7786,4
20,doc_7785,4
20,doc_7590,5
20,doc_4042,5
20,doc_7526,4
20,doc_461,5
20,doc_7298,2
20,doc_2732,5
20,doc_2771,5
20,doc_4154,5
20,doc_1551,5
20,doc_208,5
20,doc_13117,5
20,doc_7459,5
20,doc_4133,5
20,doc_12586,5
20,doc_7641,4
20,doc_2059,5
20,doc_4373,5
20,doc_4006,5
20,doc_8588,1
20,doc_7606,5
20,doc_7229,5
20,doc_199,5
20,doc_4257,5
20,doc_3902,5
20,doc_3602,2
20,doc_2989,4
20,doc_3709,5
20,doc_1568,5
20,doc_4125,4
20,doc_10453,3
20,doc_3564,5
20,doc_11017,3
20,doc_7569,5
20,doc_129,5
20,doc_7294,5
20,doc_7524,5
20,doc_9756,1
20,doc_7744,4
20,doc_10613,5
20,doc_1820,3
20,doc_8094,4
20,doc_7293,5
20,doc_7605,4
20,doc_10910,5
20,doc_10832,5
21,doc_245,5
21,doc_5244,5
21,doc_9626,4
21,doc_11995,4
21,doc_4376,4
21,doc_787,5
21,doc_2773,4
21,doc_5871,5
21,doc_3203,5
21,doc_6080,4
21,doc_4115,5
21,doc_8618,5
21,doc_886,4
21,doc_12126,5
21,doc_13472,3
21,doc_11050,5
21,doc_5633,5
21,doc_4909,4
21,doc_1625,5
21,doc_2770,5
21,doc_3990,5
21,doc_4810,3
21,doc_7052,5
21,doc_12155,4
21,doc_9041,4
21,doc_11331,4
21,doc_5219,4
21,doc_939,5
21,doc_9702,5
21,doc_2011,4
21,doc_2012,4
21,doc_13536,5
21,doc_3459,5
21,doc_5029,3
21,doc_3101,4
21,doc_5873,5
21,doc_13103,5
21,doc_2548,4
21,doc_2549,4
21,doc_11731,4
21,doc_2550,4
21,doc_2551,3
21,doc_1709,4
21,doc_5394,5
21,doc_668,5
21,doc_3476,4
21,doc_12145,5
21,doc_5230,4
21,doc_10910,5
21,doc_13382,5
21,doc_2070,3
21,doc_6054,4
21,doc_10670,3
21,doc_13542,5
21,doc_4495,5
21,doc_12200,5
21,doc_1393,4
21,doc_3329,5
21,doc_7821,3
21,doc_1408,2
21,doc_5730,5
21,doc_3701,4
22,doc_3127,3
22,doc_7041,4
22,doc_1473,2
22,doc_4699,3
22,doc_3171,2
22,doc_6750,2
22,doc_9727,5
22,doc_7115,4
22,doc_2412,4
22,doc_11020,2
22,doc_5426,3
22,doc_4190,3
22,doc_2584,5
22,doc_181,3
22,doc_11142,2
22,doc_12256,2
22,doc_7586,5
22,doc_8487,4
22,doc_11839,4
22,doc_8217,3
22,doc_1381,2
22,doc_8685,3
22,doc_5089,2
22,doc_7523,4
22,doc_2202,3
22,doc_2299,3
22,doc_2740,2
22,doc_7252,3
22,doc_3197,2
22,doc_2070,4
22,doc_3271,3
22,doc_7018,4
22,doc_7131,2
22,doc_10595,2
22,doc_11633,2
22,doc_6396,4
22,doc_1955,4
22,doc_3900,3
22,doc_10446,2
22,doc_2126,2
22,doc_2161,2
22,doc_3860,3
22,doc_2182,2
22,doc_13281,3
22,doc_1895,2
22,doc_12175,2
22,doc_5961,5
22,doc_7476,3
22,doc_7200,4
22,doc_1730,4
22,doc_5033,5
22,doc_13346,1
22,doc_3369,2
22,doc_5345,5
22,doc_3134,4
22,doc_11968,5
22,doc_3439,4
22,doc_3427,1
23,doc_2022,4
23,doc_3269,4
23,doc_492,4
23,doc_6203,1
23,doc_9130,1
23,doc_163,2
23,doc_5168,2
23,doc_6281,2
23,doc_9487,1
23,doc_6504,1
23,doc_2487,4
23,doc_5848,1
23,doc_8334,1
23,doc_886,2
23,doc_5577,1
23,doc_4114,4
23,doc_6807,5
23,doc_3254,5
23,doc_8114,5
23,doc_11349,1
23,doc_11350,1
23,doc_2202,4
23,doc_1186,1
23,doc_1824,2
23,doc_2383,1
23,doc_1489,1
23,doc_7752,2
23,doc_5947,2
23,doc_11890,2
23,doc_10727,4
23,doc_5333,1
23,doc_11605,2
23,doc_6666,2
23,doc_10292,5
23,doc_5633,1
23,doc_7436,5
23,doc_6663,3
23,doc_11778,1
23,doc_7184,4
23,doc_3253,2
23,doc_171,1
23,doc_2403,1
23,doc_2404,1
23,doc_2401,1
23,doc_2402,1
23,doc_5100,3
23,doc_9524,2
23,doc_8629,1
23,doc_11413,1
23,doc_12097,2
23,doc_5044,3
23,doc_4132,5
23,doc_7233,4
23,doc_952,3
23,doc_4915,5
23,doc_8588,5
23,doc_792,4
23,doc_7266,2
23,doc_328,3
23,doc_4512,3
24,doc_11312,1
24,doc_11224,2
24,doc_1780,1
24,doc_12963,5
24,doc_10312,5
24,doc_6952,1
24,doc_11419,5
24,doc_3589,5
24,doc_37,5
24,doc_4075,5
24,doc_1324,5
24,doc_8232,5
24,doc_1595,3
24,doc_11381,5
24,doc_3671,5
24,doc_325,3
24,doc_10727,2
24,doc_10569,2
24,doc_5810,5
24,doc_10036,4
24,doc_894,4
24,doc_3144,5
24,doc_11935,5
24,doc_1990,2
24,doc_5482,1
24,doc_2693,3
24,doc_3228,4
24,doc_2016,2
24,doc_2305,2
24,doc_6476,2
24,doc_6299,2
24,doc_530,5
24,doc_4139,3
24,doc_1482,5
24,doc_3651,4
24,doc_1166,4
24,doc_3701,2
24,doc_12018,5
24,doc_2921,5
24,doc_12150,1
24,doc_10085,5
24,doc_3309,4
24,doc_3984,5
24,doc_11422,4
24,doc_1588,3
24,doc_6484,4
24,doc_8961,1
24,doc_1989,5
24,doc_11464,5
24,doc_4488,2
24,doc_12997,2
24,doc_11127,1
24,doc_11106,2
24,doc_11585,3
24,doc_10448,3
24,doc_7847,3
24,doc_11250,2
24,doc_11230,3
24,doc_526,3
25,doc_4412,5
25,doc_4129,4
25,doc_2636,5
25,doc_4186,5
25,doc_4392,3
25,doc_7814,4
25,doc_404,5
25,doc_2372,5
25,doc_1080,2
25,doc_13497,5
25,doc_3232,5
25,doc_190,5
25,doc_13280,2
25,doc_9757,5
25,doc_6771,2
25,doc_4181,5
25,doc_4341,5
25,doc_9934,3
25,doc_4349,5
25,doc_10910,4
25,doc_13296,2
25,doc_1735,5
25,doc_1736,5
25,doc_2596,2
25,doc_4363,4
25,doc_204,3
25,doc_13101,5
25,doc_3898,2
25,doc_3769,2
25,doc_303,4
25,doc_11525,3
25,doc_4279,4
25,doc_13080,4
25,doc_4519,3
25,doc_757,3
25,doc_2554,4
25,doc_1560,4
25,doc_4413,5
25,doc_440,5
25,doc_4467,5
25,doc_4372,5
25,doc_1425,3
25,doc_849,4
25,doc_1551,4
25,doc_2844,5
25,doc_12733,4
25,doc_3574,3
25,doc_9750,4
25,doc_7052,5
25,doc_3061,3
25,doc_13230,5
25,doc_4208,5
25,doc_1194,5
25,doc_1842,5
25,doc_4495,5
25,doc_13470,5
25,doc_10942,5
25,doc_2830,5
25,doc_2831,5
25,doc_2747,5
25,doc_10449,4
25,doc_4466,5
25,doc_9006,3
25,doc_702,3
25,doc_13102,5
26,doc_2,2
26,doc_23,4
26,doc_3,2
26,doc_20,1
26,doc_125,1
26,doc_7030,1
26,doc_86,2
26,doc_124,5
26,doc_123,1
26,doc_1,1
26,doc_105,3
26,doc_4,1
26,doc_63,1
26,doc_49,4
26,doc_66,1
26,doc_68,1
26,doc_37,1
26,doc_87,1
26,doc_50,5
26,doc_113,1
26,doc_70,5
26,doc_84,1
26,doc_1385,1
26,doc_38,1
26,doc_80,1
26,doc_85,1
26,doc_58,1
26,doc_109,1
26,doc_11664,1
26,doc_122,5
26,doc_88,5
26,doc_77,1
26,doc_83,1
26,doc_56,1
26,doc_79,1
26,doc_119,1
26,doc_48,1
26,doc_32,1
26,doc_115,2
26,doc_24,1
26,doc_25,1
26,doc_78,1
26,doc_104,1
26,doc_53,3
26,doc_12,2
26,doc_26,1
26,doc_71,1
26,doc_107,1
26,doc_114,4
26,doc_41,1
26,doc_43,5
26,doc_11878,2
26,doc_129,4
26,doc_64,2
26,doc_62,2
26,doc_44,3
26,doc_106,2
26,doc_7011,2
26,doc_6792,2
26,doc_95,1
26,doc_11680,3
27,doc_3386,2
27,doc_10465,5
27,doc_6270,4
27,doc_10226,1
27,doc_5950,1
27,doc_9732,5
27,doc_1583,5
27,doc_7071,2
27,doc_13365,2
27,doc_4210,4
27,doc_10267,4
27,doc_10223,2
27,doc_1669,2
27,doc_12508,5
27,doc_6437,4
27,doc_6682,2
27,doc_1237,4
27,doc_7084,5
27,doc_7921,1
27,doc_10516,5
27,doc_80,5
27,doc_12228,3
27,doc_3480,2
27,doc_6812,3
27,doc_12538,1
27,doc_362,1
27,doc_3991,1
27,doc_4633,1
27,doc_7258,1
27,doc_11107,1
27,doc_2586,2
27,doc_2528,1
27,doc_4887,2
27,doc_9366,1
27,doc_13325,1
27,doc_1667,1
27,doc_6519,1
27,doc_3097,1
27,doc_11185,1
27,doc_1242,1
27,doc_11694,1
27,doc_7510,1
27,doc_6693,5
27,doc_8205,5
27,doc_11917,5
27,doc_4247,4
27,doc_9698,4
27,doc_5853,5
27,doc_11274,4
27,doc_10054,4
27,doc_2399,4
27,doc_6548,5
27,doc_11320,5
27,doc_3353,5
27,doc_12961,5
27,doc_11838,5
27,doc_8676,3
27,doc_8547,5
27,doc_2669,5
27,doc_11044,5
27,doc_3981,5
27,doc_3982,5
27,doc_2585,4
27,doc_8417,1
27,doc_13292,5
27,doc_13240,3
27,doc_7734,2
27,doc_12859,2
27,doc_9775,4
27,doc_987,3
27,doc_7735,5
27,doc_7733,4
27,doc_11896,5
27,doc_10707,4
27,doc_13237,5
27,doc_12880,5
27,doc_7761,5
27,doc_3339,5
27,doc_7631,5
27,doc_12917,1
27,doc_123,4
27,doc_8572,5
27,doc_10756,5
27,doc_7220,5
27,doc_8660,2
27,doc_6992,5
27,doc_12879,5
27,doc_7876,2
27,doc_9204,4
27,doc_3007,1
27,doc_5834,3
27,doc_330,5
27,doc_12526,5
27,doc_12884,2
27,doc_7028,5
27,doc_8703,1
27,doc_3342,3
27,doc_12391,4
27,doc_5388,5
27,doc_3017,5
27,doc_3231,5
27,doc_1187,4
27,doc_7449,3
27,doc_1200,5
27,doc_10055,2
27,doc_2856,5
27,doc_2960,2
27,doc_2123,3
27,doc_10387,5
27,doc_9068,4
27,doc_1509,2
27,doc_5497,5
27,doc_10273,1
27,doc_1253,1
27,doc_5336,1
27,doc_9031,2
27,doc_9155,1
27,doc_12682,1
27,doc_10420,2
27,doc_4652,1
27,doc_12628,1
27,doc_4163,2
27,doc_995,2
27,doc_5777,2
27,doc_485,2
27,doc_2443,4
27,doc_2726,2
27,doc_3184,2
27,doc_2649,1
27,doc_9783,3
27,doc_7063,4
27,doc_4610,5
27,doc_105,2
27,doc_4637,4
27,doc_7895,3
27,doc_2451,3
27,doc_8426,5
27,doc_12918,3
27,doc_9009,2
27,doc_8559,1
27,doc_1461,2
27,doc_12861,2
27,doc_4776,4
27,doc_11127,5
27,doc_6769,3
28,doc_9344,3
28,doc_13415,3
28,doc_10201,4
28,doc_13403,5
28,doc_240,2
28,doc_266,3
28,doc_13392,3
28,doc_1778,4
28,doc_8641,4
28,doc_4171,5
28,doc_4519,4
28,doc_10590,4
28,doc_2418,4
28,doc_4257,5
28,doc_3619,4
28,doc_10455,4
28,doc_4602,5
28,doc_4603,5
28,doc_3260,4
28,doc_3574,3
28,doc_2943,4
28,doc_10943,4
28,doc_9754,5
28,doc_190,5
28,doc_9074,4
28,doc_13400,4
28,doc_9049,5
28,doc_4513,5
28,doc_4557,5
28,doc_12735,3
28,doc_10086,1
28,doc_13348,3
28,doc_2844,5
28,doc_4533,4
28,doc_10609,5
28,doc_4506,4
28,doc_12729,3
28,doc_4511,4
28,doc_8624,4
28,doc_10084,5
28,doc_4536,4
28,doc_4335,4
28,doc_4080,4
28,doc_13389,4
28,doc_10098,5
28,doc_8988,5
28,doc_13249,4
28,doc_13324,5
28,doc_9053,4
28,doc_10020,5
28,doc_11518,5
28,doc_2386,5
28,doc_7805,5
28,doc_9084,5
28,doc_13296,5
28,doc_4151,4
28,doc_12554,4
28,doc_12635,5
28,doc_4600,5
28,doc_4601,5
28,doc_11198,4
28,doc_10353,5
29,doc_307,5
29,doc_5306,5
29,doc_3286,4
29,doc_7694,4
29,doc_5767,3
29,doc_5730,3
29,doc_5961,2
29,doc_671,4
29,doc_755,3
29,doc_557,3
29,doc_4612,3
29,doc_3493,5
29,doc_5445,5
29,doc_3447,5
29,doc_4146,4
29,doc_2449,5
29,doc_4103,4
29,doc_7232,3
29,doc_6407,2
29,doc_5260,3
29,doc_7741,4
29,doc_8563,1
29,doc_7484,5
29,doc_5938,2
29,doc_6199,5
29,doc_7439,3
29,doc_5140,4
29,doc_5141,4
29,doc_1560,3
29,doc_12060,4
29,doc_5835,4
29,doc_9829,4
29,doc_3439,3
29,doc_5943,5
29,doc_7797,1
29,doc_9526,1
29,doc_5345,2
29,doc_597,3
29,doc_2817,4
29,doc_4138,4
29,doc_2919,5
29,doc_874,5
29,doc_7564,4
29,doc_6450,4
29,doc_7424,4
29,doc_892,5
29,doc_7623,5
29,doc_8767,5
29,doc_3141,5
29,doc_7379,4
29,doc_5561,4
29,doc_655,4
29,doc_5837,2
29,doc_2268,1
30,doc_11193,1
30,doc_3171,1
30,doc_7025,1
30,doc_2917,4
30,doc_1333,3
30,doc_11616,3
30,doc_9858,5
30,doc_7474,1
30,doc_2635,4
30,doc_11861,2
30,doc_1462,4
30,doc_9766,2
30,doc_8806,1
30,doc_1381,2
30,doc_9820,2
30,doc_9802,2
30,doc_3165,3
30,doc_11739,2
30,doc_5597,1
30,doc_7330,2
30,doc_7388,4
30,doc_6322,4
30,doc_3456,4
30,doc_1744,1
30,doc_8501,2
30,doc_7615,4
30,doc_6569,2
30,doc_12903,1
30,doc_11885,3
30,doc_1879,1
30,doc_5020,4
30,doc_5664,4
30,doc_11903,3
30,doc_6242,2
30,doc_11532,2
30,doc_1877,2
30,doc_5350,3
30,doc_2671,1
30,doc_2471,2
30,doc_3499,5
30,doc_6824,3
30,doc_5392,1
30,doc_9801,4
30,doc_1947,3
30,doc_9695,2
30,doc_3131,5
30,doc_6375,4
30,doc_10475,2
30,doc_7609,2
30,doc_8506,2
30,doc_3539,3
30,doc_2595,2
30,doc_2024,1
30,doc_1400,1
30,doc_1666,3
30,doc_3156,3
30,doc_6275,3
30,doc_12250,2
30,doc_7354,1
31,doc_11127,4
31,doc_4734,3
31,doc_11582,2
31,doc_4130,4
31,doc_7097,2
31,doc_1864,4
31,doc_4568,4
31,doc_10727,5
31,doc_8568,2
31,doc_12998,4
31,doc_5433,5
31,doc_7131,1
31,doc_10133,3
31,doc_4582,4
31,doc_971,3
31,doc_10060,1
31,doc_13564,4
31,doc_13505,1
31,doc_5114,1
31,doc_13472,1
31,doc_6897,1
31,doc_10513,4
31,doc_11551,1
31,doc_10998,1
31,doc_8100,3
31,doc_2191,5
31,doc_947,3
31,doc_7001,1
31,doc_59,4
31,doc_12555,4
31,doc_8713,3
31,doc_8002,1
31,doc_6585,1
31,doc_12645,1
31,doc_12154,1
31,doc_9703,4
31,doc_11312,3
31,doc_11464,5
31,doc_2155,1
31,doc_10298,1
31,doc_3455,3
31,doc_806,1
31,doc_11754,2
31,doc_7072,4
31,doc_2118,3
31,doc_8173,1
31,doc_7083,3
31,doc_11525,5
31,doc_5146,1
31,doc_5803,4
31,doc_10518,1
31,doc_3312,3
31,doc_8034,2
31,doc_9503,1
31,doc_9504,1
31,doc_4621,1
31,doc_10510,3
31,doc_10741,1
31,doc_12092,3
31,doc_4462,4
31,doc_8695,2
32,doc_3269,4
32,doc_9487,1
32,doc_6504,1
32,doc_2487,3
32,doc_5848,1
32,doc_6807,4
32,doc_3254,1
32,doc_8114,4
32,doc_2202,5
32,doc_10727,5
32,doc_7266,3
32,doc_10292,3
32,doc_4512,2
32,doc_7233,4
32,doc_6666,5
32,doc_5100,3
32,doc_11413,1
32,doc_2471,2
32,doc_7359,3
32,doc_328,1
32,doc_3537,4
32,doc_2467,4
32,doc_792,4
32,doc_2022,4
32,doc_1191,4
32,doc_952,1
32,doc_5044,3
32,doc_11844,1
32,doc_4132,5
32,doc_7912,3
32,doc_10582,1
32,doc_1843,4
32,doc_12398,2
32,doc_8588,5
32,doc_6686,4
32,doc_5168,2
32,doc_1189,4
32,doc_7438,4
32,doc_9518,5
32,doc_5365,3
32,doc_13291,4
32,doc_10381,1
32,doc_811,1
32,doc_1575,4
32,doc_9317,4
32,doc_6704,2
32,doc_5066,4
32,doc_492,4
32,doc_7610,3
32,doc_2496,3
32,doc_7206,2
32,doc_13543,1
32,doc_13109,2
32,doc_13206,2
32,doc_1523,4
32,doc_3307,5
32,doc_7209,5
32,doc_163,3
32,doc_146,4
32,doc_392,4
32,doc_7234,4
32,doc_13082,5
33,doc_6784,2
33,doc_11326,2
33,doc_7502,5
33,doc_7404,5
33,doc_7500,5
33,doc_7506,5
33,doc_7199,5
33,doc_7336,5
33,doc_7387,5
33,doc_5461,2
33,doc_7432,5
33,doc_1266,4
33,doc_13094,2
33,doc_7299,4
33,doc_5731,4
33,doc_7389,5
33,doc_7391,5
33,doc_7729,5
33,doc_7578,5
33,doc_7399,5
33,doc_7677,5
33,doc_7396,5
33,doc_7226,5
33,doc_13109,4
33,doc_10280,5
33,doc_7742,3
33,doc_7485,5
33,doc_6386,5
33,doc_7623,5
33,doc_2097,4
33,doc_3686,4
33,doc_7257,4
33,doc_7512,5
33,doc_7776,5
33,doc_3460,4
33,doc_7424,5
33,doc_11481,4
33,doc_5759,5
33,doc_7560,5
33,doc_2634,4
33,doc_7725,5
33,doc_7435,5
33,doc_7198,5
33,doc_2083,4
33,doc_1257,5
33,doc_7775,5
33,doc_5760,4
33,doc_2084,4
33,doc_6172,5
33,doc_7224,5
33,doc_6597,5
33,doc_6013,4
33,doc_7190,2
33,doc_5881,4
33,doc_7281,5
33,doc_7385,5
33,doc_7507,5
33,doc_5516,3
33,doc_7379,5
33,doc_8539,1
33,doc_5382,5
33,doc_2642,2
33,doc_7365,2
33,doc_10315,3
33,doc_7796,2
33,doc_6536,2
33,doc_7322,2
33,doc_11725,2
33,doc_2966,5
33,doc_2967,5
33,doc_9291,2
33,doc_11592,1
33,doc_1703,5
33,doc_3368,1
33,doc_7448,1
33,doc_45,5
33,doc_5602,4
33,doc_8636,1
33,doc_12464,1
33,doc_7664,1
33,doc_12897,1
33,doc_6388,1
33,doc_12810,5
33,doc_6030,5
33,doc_11877,5
33,doc_3913,5
33,doc_6389,4
33,doc_5574,5
33,doc_7429,5
34,doc_816,4
34,doc_7655,5
34,doc_7575,4
34,doc_1062,4
34,doc_835,4
34,doc_11613,5
34,doc_4850,3
34,doc_7656,5
34,doc_7240,5
34,doc_516,4
34,doc_7154,3
34,doc_987,5
34,doc_12599,5
34,doc_1100,3
34,doc_9481,4
34,doc_7824,3
34,doc_7028,5
34,doc_12996,5
34,doc_1005,5
34,doc_4754,3
34,doc_8983,4
34,doc_9263,2
34,doc_1108,5
34,doc_6823,4
34,doc_3142,4
34,doc_7912,4
34,doc_6748,5
34,doc_4700,5
34,doc_6698,4
34,doc_9260,2
34,doc_11272,5
34,doc_7561,3
34,doc_6927,5
34,doc_9358,4
34,doc_662,5
34,doc_4842,4
34,doc_12091,4
34,doc_8029,3
34,doc_11278,5
34,doc_12,5
34,doc_7491,5
34,doc_7091,5
34,doc_7672,4
34,doc_1518,4
34,doc_3695,3
34,doc_6969,3
34,doc_12322,4
34,doc_9262,2
34,doc_1679,4
34,doc_7783,5
34,doc_7425,3
34,doc_7481,4
34,doc_9148,4
34,doc_7197,3
34,doc_7594,3
34,doc_4911,4
34,doc_7223,4
34,doc_7007,4
34,doc_7545,5
34,doc_7140,4
34,doc_7258,4
34,doc_4931,4
34,doc_7631,4
34,doc_7648,4
34,doc_3661,5
34,doc_9037,5
34,doc_7326,3
34,doc_7375,4
35,doc_986,5
35,doc_13503,2
35,doc_12998,5
35,doc_2934,1
35,doc_173,1
35,doc_6952,5
35,doc_9583,2
35,doc_8958,1
35,doc_8844,5
35,doc_12797,5
35,doc_5900,5
35,doc_13104,2
35,doc_5982,1
35,doc_1531,5
35,doc_4997,5
35,doc_11918,2
35,doc_11201,1
35,doc_3007,1
35,doc_4198,1
35,doc_6391,3
35,doc_194,4
35,doc_5536,5
35,doc_8441,2
35,doc_2765,2
35,doc_9294,1
35,doc_9342,1
35,doc_5657,1
35,doc_10385,2
35,doc_1967,2
35,doc_2263,1
35,doc_4993,2
35,doc_12279,2
35,doc_2520,2
35,doc_2054,1
35,doc_4675,1
35,doc_12523,1
35,doc_1713,1
35,doc_5466,4
35,doc_3892,1
35,doc_3308,3
35,doc_10789,2
35,doc_1096,2
35,doc_3968,2
35,doc_2815,2
35,doc_11771,1
35,doc_4034,2
35,doc_4035,2
35,doc_1966,1
35,doc_1776,2
35,doc_4762,4
35,doc_5286,3
35,doc_147,3
35,doc_2197,5
36,doc_340,1
36,doc_5288,1
36,doc_632,4
36,doc_8964,1
36,doc_465,1
36,doc_1228,2
36,doc_395,4
36,doc_9128,3
36,doc_4706,1
36,doc_2011,4
36,doc_2012,5
36,doc_6737,2
36,doc_4575,5
36,doc_2648,3
36,doc_11996,1
36,doc_1453,2
36,doc_5675,1
36,doc_11102,3
36,doc_11103,3
36,doc_11250,2
36,doc_4443,3
36,doc_129,2
36,doc_766,5
36,doc_11989,5
36,doc_4182,1
36,doc_10966,1
36,doc_2401,5
36,doc_2402,5
36,doc_7988,1
36,doc_4660,1
36,doc_11154,5
36,doc_5046,2
36,doc_4485,4
36,doc_1595,2
36,doc_8809,1
36,doc_9798,1
36,doc_3739,2
36,doc_6481,1
36,doc_8476,1
36,doc_3651,1
36,doc_12019,1
36,doc_6951,1
36,doc_2206,2
36,doc_3557,2
36,doc_8037,1
36,doc_8342,1
36,doc_8437,2
36,doc_3142,1
36,doc_13511,1
36,doc_13512,1
36,doc_828,5
36,doc_514,1
36,doc_1168,2
36,doc_12647,5
36,doc_824,3
36,doc_9934,2
36,doc_5693,3
36,doc_3847,1
37,doc_12319,5
37,doc_11410,3
37,doc_13210,5
37,doc_10131,5
37,doc_12173,3
37,doc_4656,5
37,doc_789,5
37,doc_4616,4
37,doc_12747,4
37,doc_3221,5
37,doc_2927,4
37,doc_10404,4
37,doc_4668,3
37,doc_11348,5
37,doc_11184,1
37,doc_9064,4
37,doc_13256,5
37,doc_11452,3
37,doc_6676,4
37,doc_13213,4
37,doc_2850,4
37,doc_13389,3
37,doc_13132,4
37,doc_9937,2
37,doc_10257,5
37,doc_10982,1
37,doc_10606,1
37,doc_8681,1
37,doc_7063,1
37,doc_9757,5
37,doc_3090,1
37,doc_12720,2
37,doc_8040,4
37,doc_7004,5
37,doc_8056,2
37,doc_6309,4
37,doc_5513,5
37,doc_4759,1
37,doc_8876,3
37,doc_11001,1
37,doc_12273,1
37,doc_4967,2
37,doc_9034,4
37,doc_8805,2
37,doc_2445,2
37,doc_12889,1
37,doc_12516,1
37,doc_12739,2
37,doc_2068,1
37,doc_12999,5
37,doc_11930,5
37,doc_11118,4
37,doc_10670,3
37,doc_9090,4
37,doc_11211,2
37,doc_3599,4
37,doc_6169,4
38,doc_1154,3
38,doc_1080,5
38,doc_12079,5
38,doc_1117,4
38,doc_13119,4
38,doc_7869,5
38,doc_13519,5
38,doc_1127,3
38,doc_4317,5
38,doc_7821,4
38,doc_9466,4
38,doc_13175,4
38,doc_4220,5
38,doc_4221,5
38,doc_1346,5
38,doc_6071,3
38,doc_4606,5
38,doc_1103,4
38,doc_4364,3
38,doc_12146,5
38,doc_2960,4
38,doc_11203,5
38,doc_11204,5
38,doc_1026,3
38,doc_11205,5
38,doc_11206,5
38,doc_4316,5
38,doc_1142,3
38,doc_4254,5
38,doc_13471,5
38,doc_1072,5
38,doc_13046,5
38,doc_11079,4
38,doc_13496,5
38,doc_4375,4
38,doc_4577,4
38,doc_4377,4
38,doc_1031,5
38,doc_1070,3
38,doc_1739,5
38,doc_1069,5
38,doc_1071,5
38,doc_2117,5
38,doc_4305,3
38,doc_13005,4
38,doc_1051,3
38,doc_4312,5
38,doc_4472,5
38,doc_270,4
38,doc_13480,1
38,doc_1081,4
38,doc_1161,2
38,doc_1061,4
38,doc_4446,5
38,doc_4537,5
38,doc_1034,5
38,doc_4222,4
38,doc_4223,3
39,doc_4520,4
39,doc_490,3
39,doc_13497,5
39,doc_1433,3
39,doc_13400,3
39,doc_13530,5
39,doc_13415,3
39,doc_12729,4
39,doc_10020,3
39,doc_669,3
39,doc_1778,3
39,doc_4151,3
39,doc_3203,1
39,doc_13506,4
39,doc_4436,4
39,doc_2563,5
39,doc_13101,4
39,doc_9074,5
39,doc_7835,3
39,doc_4465,3
39,doc_208,3
39,doc_4529,1
39,doc_4302,5
39,doc_13231,2
39,doc_10051,5
39,doc_4288,1
39,doc_7556,1
39,doc_8141,4
39,doc_4275,3
39,doc_10933,5
39,doc_2826,1
39,doc_266,3
39,doc_10353,4
39,doc_12652,4
39,doc_12867,2
39,doc_8946,1
39,doc_9551,1
39,doc_12640,1
39,doc_13410,4
39,doc_1619,4
39,doc_420,3
39,doc_13365,3
39,doc_234,4
39,doc_246,2
39,doc_4362,3
39,doc_12642,5
39,doc_9611,1
39,doc_5171,5
39,doc_4405,3
39,doc_9084,5
39,doc_11516,5
39,doc_12562,5
39,doc_10943,3
39,doc_13425,3
39,doc_10591,5
39,doc_4360,4
39,doc_12734,5
39,doc_13531,4
39,doc_3575,4
39,doc_4227,5
39,doc_11518,4
39,doc_11515,4
39,doc_13174,4
39,doc_11505,4
39,doc_11249,4
39,doc_4152,4
39,doc_8985,4
39,doc_13441,4
39,doc_9754,3
39,doc_10291,4
39,doc_13386,4
39,doc_2943,4
39,doc_7807,5
39,doc_13539,5
39,doc_507,5
39,doc_2834,4
39,doc_11600,4
39,doc_10598,3
40,doc_11833,1
40,doc_10892,1
40,doc_8502,1
40,doc_11853,1
40,doc_11840,1
40,doc_9846,1
40,doc_1946,1
40,doc_10090,1
40,doc_9789,1
40,doc_9319,1
40,doc_1830,1
40,doc_4630,1
40,doc_9081,4
40,doc_4393,1
40,doc_8018,1
40,doc_11508,1
40,doc_9338,3
40,doc_9860,2
40,doc_10841,2
40,doc_754,2
40,doc_9184,2
40,doc_391,2
40,doc_11959,2
40,doc_2382,2
40,doc_7941,1
40,doc_3729,5
40,doc_4908,1
40,doc_9894,1
40,doc_8250,4
40,doc_11716,2
40,doc_1181,4
40,doc_1182,4
40,doc_1183,1
40,doc_1184,1
40,doc_6132,1
40,doc_10623,5
40,doc_7412,1
40,doc_6911,1
40,doc_9920,3
40,doc_492,2
40,doc_12967,2
40,doc_10578,5
40,doc_11778,2
40,doc_9462,1
40,doc_11559,5
40,doc_11724,2
40,doc_151,1
40,doc_1678,1
40,doc_4470,3
40,doc_2098,1
40,doc_3041,4
40,doc_9874,5
40,doc_8575,3
40,doc_12155,2
40,doc_10216,4
40,doc_11850,2
40,doc_4417,4
40,doc_8490,4
40,doc_9820,4
40,doc_9844,5
40,doc_11681,2
40,doc_10217,4
40,doc_9823,4
40,doc_10106,4
40,doc_9875,5
40,doc_9805,3
40,doc_11301,5
